name,age,score
Alice,30.0,85.0
Bob,28.333333333333332,90.0
Carol,25.0,86.66666666666667
